{"epsilon": 0.12870034108965536, "reward": -209.46156089007854}