{"epsilon": 0.17398982847626407, "reward": 387.59484691917896}