{"epsilon": 0.1923853128939671, "reward": 354.42639516294}