{"epsilon": 0.21272570322901874, "reward": -201.2475584745407}