{"epsilon": 0.1423074877820886, "reward": -338.34335988759995}