{"epsilon": 0.15735328210778965, "reward": 231.82253018766642}